meals_served,kitchen_staff,temperature_C,humidity_percent,day_of_week,special_event,past_waste_kg,staff_experience,waste_category,food_waste_kg
196.0,13,27.88727267748186,45.36285390629726,0,0,7.740586989477199,Intermediate,dairy,28.946465336432905
148.0,16,27.714300115065733,69.04611285352485,1,0,41.18430513351168,Beginner,meat,53.008322732556536
157.0,19,19.17390198012001,46.29282284467455,6,0,41.54349249539056,Beginner,meat,48.62152711280995
297.0,10,26.375233470802712,79.74106395272946,0,0,26.52509667517501,Intermediate,meat,44.15698435866615
241.0,18,16.863506350003135,79.2859194985556,3,0,11.834877755148362,Intermediate,dairy,27.393670187103623
443.0,16,19.888627096999212,77.32813583432157,0,0,22.862658782043177,Beginner,vegetables,52.17211773229588
416.0,16,18.559590900838664,75.7865018160785,5,1,34.59944224726701,Intermediate,meat,62.90751934753595
439.0,18,24.111027266972066,43.395803130311776,4,0,17.45914862714055,Expert,dairy,44.28415666965992
267.0,7,25.412493172377086,89.40518256404891,1,0,23.067392475419435,Expert,grains,33.23393011057515
487.0,15,20.96518041223846,53.39234117649265,2,0,41.075793193608725,Expert,meat,61.213325501284864
418.0,13,19.563157006100205,82.53067359315696,4,0,25.043428449760405,Intermediate,vegetables,44.93716309238571
376.0,19,5.8109040655540305,54.49838056556707,1,0,36.25941977645789,Expert,meat,50.568698570351984
372.0,5,30.2220865409082,63.652467801757055,6,0,49.63501381763712,Intermediate,grains,60.79622004025845
265.0,12,15.685237396534474,63.32972544635161,0,0,26.92454031148613,Beginner,meat,38.21570049420284
557.5,8,23.740401092973112,48.59999623030736,4,0,11.255099233958497,Expert,dairy,62.90751934753595
283.0,8,18.91830132600004,36.075594876909534,4,1,7.659761939404453,Beginner,dairy,31.32297930911143
138.0,17,31.11973590715053,67.67960295624589,5,0,21.02418883248897,Intermediate,vegetables,29.53986030174638
152.0,8,32.734754800209906,48.53006544044045,0,0,27.156303658383163,Expert,grains,31.264418840589677
557.5,11,15.52006574464098,58.40405288969475,1,0,38.87818951469928,Beginner,vegetables,62.90751934753595
439.0,18,13.283378160234452,56.99053247835356,1,0,22.96250575299588,Intermediate,dairy,50.47941710867909
353.0,11,10.437899771551557,70.64323929112301,1,1,17.26927912906181,Expert,meat,45.97954253624569
489.0,8,18.018568510953187,73.81476882540875,5,0,36.51943096204268,Expert,meat,60.20071926103519
464.0,11,12.722958546168286,58.58900302669756,6,0,23.69813283779297,Intermediate,vegetables,45.68508645035617
430.0,18,20.39768415367352,74.99104586618797,0,0,13.973521899134075,Expert,grains,40.633073102672135
354.0,15,24.8694159344234,56.31230931224613,6,0,28.564853722457485,Intermediate,meat,43.078879896854815
153.0,15,12.80760861028048,48.3682404527756,3,0,18.20906566063972,Expert,meat,27.04674865610133
338.0,8,12.941225711838966,68.06544871719501,6,0,43.68558132861498,Intermediate,grains,52.31782235802555
358.0,18,11.24605069457354,62.444074027986254,5,0,43.56339866493075,Expert,grains,46.6214473399448
100.0,15,28.906616447286314,30.605436401341485,5,0,15.80987449437735,Beginner,meat,20.784577215535744
259.0,5,19.66152102897868,74.34159346727752,3,0,11.18127856859034,Intermediate,grains,35.73457609874185
174.0,15,17.95278884045299,73.84908172270852,3,0,49.733674459050896,Intermediate,vegetables,43.2027326256482
470.0,9,26.29169796766065,84.91543109506938,4,0,29.180322357943155,Intermediate,dairy,57.92568114492289
262.0,13,19.39180629704316,58.00692463387128,4,0,34.51564908942798,Intermediate,dairy,44.54682168878266
218.0,8,22.40415960283049,31.851474258484348,6,0,34.776673046660605,Beginner,dairy,31.827616080564624
492.0,9,11.093390646999238,59.680511375477,3,0,14.92289542114916,Intermediate,grains,45.20600927495253
280.0,18,20.607422147122204,76.88093043686438,0,1,14.55285387508661,Beginner,grains,53.59927450876711
317.0,16,24.068757158584567,50.42435060097388,4,0,46.58484721600757,Beginner,dairy,55.91331449992199
382.0,12,24.70145945225198,36.94425640072232,1,0,5.655521963807551,Intermediate,vegetables,27.94548858041052
289.0,7,29.91994569660069,69.52950420840423,0,0,29.771229969632323,Intermediate,meat,40.265658444205016
361.0,11,19.0736067961498,63.89906146051521,1,0,29.566558998905,Intermediate,meat,38.66680034019299
266.0,9,14.396132910443152,72.46129957983712,4,0,39.71804278993194,Intermediate,meat,39.66096850558484
206.0,11,15.74021461719661,74.28414740031103,1,0,22.28191872759952,Beginner,meat,32.44114132276269
439.0,8,28.810694065389317,72.65308300093915,6,1,30.73051921711912,Expert,meat,62.90751934753595
119.0,19,30.999099507054563,65.4258653893616,6,0,41.554678111117774,Intermediate,dairy,39.23947342293806
351.0,17,17.717468584329882,66.0661617374597,3,0,7.578963950471906,Intermediate,dairy,25.96082788900909
441.0,5,19.019312977765,70.90491864540968,4,0,41.723556905450806,Intermediate,meat,62.71189112279262
236.0,5,34.80333290851681,89.475793604018,1,0,5.945949802679772,Expert,vegetables,21.233009332422423
326.0,6,19.28521419125352,33.637735563988095,1,0,29.073500303424986,Intermediate,grains,40.21228889086149
352.0,15,34.49456144636305,49.9820923083239,1,0,14.91435943798854,Expert,meat,37.260332562313856
407.0,14,23.62763820651749,62.86708166299917,5,1,13.270309929855552,Intermediate,grains,50.64036427126848
251.0,11,13.730944448754403,43.81505524263088,6,0,17.575038829350618,Beginner,dairy,29.201816950062387
430.0,16,12.102455611699616,48.89517531677806,1,0,8.646737470927555,Beginner,meat,34.957215203516746
205.0,10,23.720966418001467,61.182255773669056,4,0,17.58363433219428,Intermediate,meat,22.876659936800657
352.0,12,21.858402747655347,54.16586390773512,3,0,42.34195691227782,Intermediate,vegetables,52.869761758372256
121.0,15,16.9110422645849,69.89967097426643,4,0,16.290064244034713,Intermediate,meat,21.77211585097144
259.0,13,21.292420480792067,53.13681077193888,2,0,49.153170145722896,Intermediate,grains,53.34518577593335
479.0,13,25.48744378518969,62.90292217173924,2,0,19.020728281200302,Intermediate,grains,47.8477570518841
483.0,11,28.655181437045965,40.56572827983568,4,0,35.33078906977853,Expert,dairy,56.61000756531634
177.0,9,19.97090074259324,43.603642939797794,6,0,28.20544479846829,Intermediate,vegetables,36.36790404747051
189.0,9,19.67696900839077,73.53763201646495,6,0,38.72205575258702,Intermediate,meat,41.62210376932863
294.0,9,10.366676426156594,56.4734228193196,2,0,23.55813772105397,Beginner,meat,28.10933876263433
195.0,18,19.32121592972336,79.00339215351268,5,0,38.40320921766183,Intermediate,dairy,47.46565108478094
295.0,11,19.46191058714673,37.79579547214208,0,0,26.854108940042472,Expert,meat,38.94264923547769
312.0,13,32.79590087399778,43.213518082638906,2,0,19.309214810315076,Intermediate,meat,27.260593228954438
385.0,14,20.449748346762107,57.00699158848866,2,0,10.584831547119984,Intermediate,meat,28.111738434982996
485.0,10,24.48537248358752,65.41713257718959,6,0,13.737329107073702,Expert,meat,42.17290474419898
250.0,8,13.588559050984822,88.24452922063489,2,0,34.13560733354957,Intermediate,vegetables,43.9522039028567
212.0,12,11.728319654665489,81.11047421243686,1,0,22.329617127036336,Expert,meat,32.89399424923122
445.0,19,18.001495813024587,55.88283892644448,1,0,41.91458396662404,Beginner,meat,55.890327947261575
200.0,19,11.029587381981791,32.96981120962,1,0,44.54461624068115,Intermediate,meat,48.46045497764021
440.0,7,24.326035723271232,71.28266663016083,2,0,33.33327552223667,Intermediate,dairy,50.20667218119864
384.0,17,15.72236512116534,86.24270628985924,6,0,17.662684197747335,Expert,dairy,42.926377891912566
425.0,8,12.213889605581034,54.84901345969361,6,0,49.4842994170568,Beginner,vegetables,50.2620951292006
368.0,7,14.261948454347936,36.96136088089016,3,0,7.419754024789252,Intermediate,meat,20.784577215535744
444.0,5,29.274607313303388,83.93084329081483,0,0,16.55345733393911,Intermediate,meat,37.41623060587887
374.0,19,15.526584286343212,75.10633038234559,2,0,25.262711772418665,Intermediate,dairy,50.80993790088797
363.0,14,24.820299791335568,58.01807999781664,1,0,40.45865601159192,Intermediate,vegetables,47.25970471935827
341.0,8,30.648019144997416,67.28066983521177,3,0,7.164153968541594,Intermediate,meat,35.82086139163689
291.0,8,14.487433085595836,75.78931747553335,0,1,31.653561697794306,Intermediate,grains,53.90655832518387
202.0,10,28.73278064679564,31.866935995041462,5,0,22.545488583098628,Intermediate,meat,35.97056329649056
491.0,9,32.69546632461601,88.24597238848698,6,0,13.123320277659062,Beginner,meat,38.18090522519154
235.0,5,28.047190698173377,70.58558174030354,2,0,23.67321962358562,Intermediate,dairy,37.03081829399744
448.0,7,19.776069076454363,53.68406123068969,0,1,47.02396742808119,Beginner,dairy,61.496622847680506
107.0,12,28.12963870068477,65.82574621120318,5,0,12.406967316480864,Beginner,meat,20.784577215535744
172.0,10,14.221355166942152,43.750317072849725,2,0,49.69693383933859,Intermediate,meat,39.17646466833136
206.0,11,15.715629038123089,74.28414740031103,1,0,22.28191872759952,Beginner,meat,32.44114132276269
228.0,7,13.14353779516622,39.0950575721928,0,0,24.667318482898445,Beginner,grains,27.862980903179064
497.0,15,32.47252060015589,81.3124191011022,3,0,27.61095423932445,Beginner,meat,56.47127034064352
134.0,6,5.8109040655540305,37.79648233607647,5,0,49.35957123135835,Beginner,meat,36.16348255236464
405.0,19,18.64801118754236,54.69932762740214,5,0,11.324620759799432,Intermediate,dairy,29.13275037905101
352.0,12,33.6779718297203,78.44376182039707,5,0,10.38028989884254,Intermediate,grains,42.43779828553889
273.0,6,24.83846422807868,71.86537656440578,0,0,36.81568824226659,Intermediate,vegetables,37.96778910636508
495.0,12,31.617154800838502,59.91424797034255,1,0,8.688458058964798,Intermediate,grains,39.02858982092585
454.0,16,12.553738241438452,62.81157845850757,3,0,5.822378137557781,Beginner,meat,28.61084982841934
197.0,6,10.550879007437604,84.88386689739022,0,0,45.42598738254494,Beginner,dairy,43.78961720096392
269.0,16,23.561965892984187,45.40165369860275,4,0,6.084958703390007,Beginner,grains,22.433787375131857
107.0,9,33.66594885499018,37.02396248545012,5,0,17.660777983422875,Beginner,meat,20.900943296550217
445.0,9,21.99742703980183,37.80286695066832,4,0,10.163911973622596,Beginner,meat,32.13176182051132
355.0,18,28.38764016218844,88.3451999424062,3,0,6.848067775568244,Expert,meat,30.25087654111393
120.0,13,16.513423318396924,87.97460464240788,2,0,18.413404273617022,Intermediate,grains,21.20784527390633
460.0,10,26.46730365518609,40.818476125366686,4,0,45.68609086601858,Intermediate,dairy,52.143235607984685
383.0,9,15.514028123058084,35.53708752439543,1,0,25.669914836024425,Intermediate,meat,36.52771738022135
104.0,19,14.668082394326037,73.5435546218462,0,0,22.229741627788258,Expert,grains,31.2218609830682
245.0,17,28.680489693550943,69.90877165430433,3,0,26.811028262133835,Intermediate,grains,35.34613617702079
426.0,17,20.841383348909723,81.77283017474474,5,0,44.324372998445824,Beginner,meat,60.14733985297889
149.0,7,34.11301180675521,47.02970682141122,1,0,45.21358640057602,Beginner,vegetables,39.131939135686665
459.0,19,29.002351960952428,79.47208848522193,2,0,8.358729398574296,Intermediate,grains,41.905911523427854
121.0,19,29.076915774546176,43.96578882607733,4,0,34.99776881957175,Beginner,dairy,34.040727008441245
472.0,5,23.996107807720737,70.9001689440972,3,1,48.95574677724138,Expert,meat,62.90751934753595
109.0,13,17.938286196918426,84.36395314118192,4,0,16.503759220791267,Intermediate,vegetables,29.94626323403256
557.5,19,17.929892919134964,33.464463112150426,2,1,20.74344728813845,Intermediate,meat,62.90751934753595
286.0,17,34.70163916631935,50.01640734174259,2,0,41.09172216272909,Intermediate,dairy,35.99731048490554
328.0,12,25.6106361617932,52.886462484798685,3,0,9.172166486462146,Expert,vegetables,21.50917831107774
250.0,17,28.8526920079041,70.32336232513521,6,0,33.05836378283695,Intermediate,meat,41.59604746806248
268.0,7,26.22686646985983,88.17646361088572,6,0,19.175472823254108,Beginner,meat,41.54422259935272
180.0,11,15.653676289748518,66.32896015286428,6,0,37.76055160082888,Intermediate,meat,39.12607919065812
279.0,8,21.955850576201804,53.85885477552217,2,0,6.497058702621129,Expert,meat,20.784577215535744
400.0,5,17.92306193362362,84.13418420773428,4,0,26.49839568797912,Expert,vegetables,39.90316811028982
490.0,14,13.345093406987218,80.8316663420149,2,0,15.468648727404872,Intermediate,meat,40.93511002748501
370.0,14,30.498672935202503,64.63498384611678,0,0,41.551615444565385,Beginner,vegetables,61.37539154422557
279.0,12,21.060248412016737,41.3423714836519,2,0,19.567887152469066,Expert,grains,40.34801251669088
217.0,9,18.658044214725088,41.16138000033994,3,0,13.754076492581785,Beginner,vegetables,20.784577215535744
435.0,11,10.008312653012236,40.90435144256778,6,0,41.79305202370188,Intermediate,meat,49.07073747178846
488.0,18,15.919607732784634,66.3302859969526,2,0,42.64389008424066,Expert,vegetables,62.424468036902056
214.0,13,34.09555688705878,67.18407428598536,0,1,46.30283973920989,Beginner,vegetables,60.76397451235442
323.0,11,32.092741741518815,60.70088319489071,5,0,45.62437045840289,Expert,dairy,56.33180623621088
314.0,18,14.665714445931094,36.38062357534648,0,0,11.210696915902329,Beginner,meat,29.955870306642534
473.0,8,14.040495282146786,30.121111064894038,3,0,20.177010322440186,Intermediate,dairy,43.03745323751748
252.0,12,29.12977161389461,51.207644432806944,4,0,18.6273450040434,Beginner,grains,31.51138400026192
364.0,18,17.459360774749815,63.55108840975959,4,0,18.30492676722286,Intermediate,vegetables,29.33196914104916
127.0,7,22.05890953878979,83.4888009374104,6,0,35.40295893192095,Intermediate,dairy,36.07175708613143
205.0,19,28.645925300774103,33.86947627495005,0,0,20.178627641036886,Expert,grains,38.083695122693605
406.0,10,19.29583823096812,55.28664249475485,0,0,28.56036107884351,Expert,meat,44.61575936451028
198.0,14,29.88775929241008,89.98282824935484,0,0,48.07386335836556,Expert,vegetables,55.700980384120285
275.0,18,26.06439922367974,51.736085225915474,5,0,10.87270518368479,Beginner,meat,27.32213577356579
148.0,8,14.928853164321934,61.63357085038801,2,0,10.476288802700251,Intermediate,meat,33.34149368820972
448.0,16,10.09246361181792,56.13032726388956,6,0,29.89003869762672,Intermediate,grains,53.20337458100168
391.0,13,16.460790507295453,88.46233432075545,6,0,39.55864901278242,Intermediate,grains,47.67253679890685
349.0,16,11.999134858982549,46.03515778761572,5,0,7.840845914358491,Expert,grains,35.78733656258153
557.5,14,29.52926059467298,38.21994378322028,4,1,24.266982786355392,Intermediate,meat,62.90751934753595
259.0,6,25.813513330657653,57.99646708183296,4,0,11.433239492033849,Intermediate,grains,20.954838339054188
472.0,5,23.54260384741204,70.9001689440972,3,1,48.95574677724138,Expert,meat,62.90751934753595
314.0,19,18.527250611855514,47.39820713661654,3,0,37.675006670508665,Expert,dairy,47.78017238355224
191.0,19,31.70135806330732,43.106590972998426,2,0,31.936779833210185,Beginner,grains,38.55908133960595
467.0,7,16.326460820019612,70.46093874140814,3,0,13.321413386021495,Beginner,grains,41.04812759604783
111.0,12,26.084129497794606,73.90348419385278,4,0,18.56583767564603,Intermediate,vegetables,20.784577215535744
466.0,12,10.030795879160648,31.958740652740115,6,0,26.00276421955777,Intermediate,grains,50.49974022207544
361.0,6,29.674253372941656,55.8224849814476,3,0,45.20321280895942,Beginner,dairy,53.18131418805862
146.0,17,24.511875167916862,86.57902900896255,5,0,17.316430595526693,Beginner,vegetables,30.276006387000947
338.0,5,21.95638236439809,60.88101702728633,6,0,31.64996296991482,Intermediate,meat,35.13677188361807
113.0,12,15.243823692092034,60.81666279265947,1,0,43.73005198049983,Beginner,grains,30.167843198721684
191.0,9,34.35411571570039,46.70636449502607,6,1,35.71936722698895,Expert,grains,55.45372001762165
266.0,12,23.94533063777675,38.89067569379673,5,0,42.16734136003632,Intermediate,meat,49.84778399141293
410.0,5,34.041643398870335,52.63881968437941,0,0,9.387846160874386,Intermediate,dairy,27.074924688144137
416.0,13,20.771552288450835,43.24472930716691,3,0,21.274119267847,Beginner,grains,40.84946119758106
116.0,13,21.97958073609,67.95264659794967,3,0,31.464213692245117,Expert,grains,34.63613749773884
211.0,12,12.727740794143743,65.58087002163586,2,0,23.40883168856943,Intermediate,dairy,21.98692898753428
437.0,16,31.94727897603319,62.959348764190445,1,0,47.23991659820175,Beginner,meat,62.90751934753595
215.0,13,14.614628238425825,79.31559815639578,0,1,37.5382236222351,Expert,dairy,49.325797035214485
460.0,15,28.954625276913436,83.33324544021778,0,0,46.98304814877023,Intermediate,grains,62.90751934753595
162.0,14,26.424596439112328,37.90160630832232,3,0,37.87216148670348,Beginner,vegetables,39.83027396080455
349.0,18,30.733310128532093,49.81456676018432,3,0,7.52729044564909,Expert,meat,34.596902201315764
247.0,13,13.766902692746935,54.0565057483828,4,0,48.54842711751721,Intermediate,meat,50.448209572698985
291.0,7,18.45657763330871,77.1161286909609,2,1,26.70233000366946,Beginner,grains,40.29201360142895
416.0,18,14.848846681694372,73.6049534500918,1,0,43.41445470235004,Expert,grains,62.90751934753595
136.0,14,30.771929783542635,79.8413106312046,3,0,21.74540968587644,Intermediate,meat,24.740885543984437
285.0,16,32.638119808241846,73.2393087169868,0,0,19.09699144612747,Beginner,meat,42.91870707320186
465.0,18,33.06557645219474,82.76046121059169,0,0,27.37642489658951,Expert,grains,54.10106472550138
212.0,16,31.66096668819113,38.87904884195009,4,0,5.498534866743936,Intermediate,meat,22.75067208176768
403.0,12,19.357419178494816,60.44678196718453,0,0,41.47106977469597,Beginner,vegetables,44.24663631666861
557.5,11,12.434834813838805,34.656878683886454,3,0,47.85868876984896,Intermediate,grains,62.90751934753595
362.0,15,14.059547366558022,58.67270688133455,5,0,35.92830031621329,Expert,dairy,48.03801685609985
273.0,11,33.0074295304852,84.08298579851609,6,0,34.85131403066066,Expert,meat,50.764192485014505
200.0,14,16.77868591250462,64.99599106878273,0,0,6.150640959038061,Expert,meat,22.093610708457952
403.0,12,25.015238563655902,79.00541580717169,2,0,34.35237999045726,Beginner,meat,54.04547988922963
352.0,11,30.62826669165288,63.60550184660373,6,0,40.60779316235076,Expert,dairy,51.04679254827028
230.0,9,26.759636458860307,79.99902428838075,2,1,30.125854177885117,Expert,meat,39.15972278810143
215.0,16,25.12384806726352,57.68673071323876,2,0,39.601402005702575,Expert,vegetables,47.74392062284833
366.0,13,24.13874912303601,70.26331703159487,0,0,28.911057428871285,Intermediate,vegetables,49.18095765616919
276.0,16,16.646278416357838,71.3999842385366,2,0,6.696397621168376,Expert,meat,25.75948013693901
192.0,5,14.42217862859636,42.29887257160898,5,0,15.552476495334218,Expert,meat,26.549289822112016
335.0,12,14.159439673306808,33.545633404695195,6,0,30.768928390201307,Intermediate,meat,40.60486015932328
135.0,12,21.75456481741663,73.10575378912412,2,0,40.3666374294011,Intermediate,dairy,40.60640321489917
353.0,8,12.262042382176269,84.41656853009003,0,0,24.53234792364305,Intermediate,meat,43.94120836090968
133.0,16,29.6781650650401,48.7717896513078,1,1,31.27636801675109,Expert,meat,45.61661099759103
137.0,19,32.85591289878675,65.48440556534928,4,0,13.223802469434617,Intermediate,meat,21.1194770153186
289.0,17,31.616509803510443,54.93853120115434,1,1,44.89261369888561,Intermediate,dairy,51.957958707646426
353.0,8,17.843192279852403,72.56297802524345,6,0,31.21828907181645,Expert,vegetables,39.05359318769423
180.0,7,31.434002302312464,64.03024679516314,0,0,11.10597430065257,Intermediate,meat,26.918810911007085
175.0,11,12.642336997656852,87.18120127073395,6,0,42.79989922719545,Intermediate,dairy,41.755480088143145
232.0,5,31.172968202214,61.00739634768949,0,0,41.591644482559325,Beginner,grains,40.68199037157513
200.0,7,26.303081138260943,57.00740167091593,2,0,6.161422678843178,Intermediate,meat,20.784577215535744
229.0,10,26.734760036484037,75.71440920794493,2,0,31.514657645653497,Intermediate,dairy,45.30635157983909
453.0,5,5.8109040655540305,57.79036300508051,0,1,48.43443373455808,Intermediate,vegetables,62.90751934753595
249.0,10,24.89376820472392,79.42668540606991,4,0,28.553323328036235,Beginner,meat,32.188218295096945
213.0,9,24.553705744499307,88.89919943114687,5,0,33.10987884276726,Intermediate,vegetables,45.4967963911774
402.0,5,27.171524941875727,59.61005952926449,4,1,38.829685445734015,Beginner,meat,62.90751934753595
424.0,15,31.605404441854223,63.58130669027639,2,0,9.10132877501049,Intermediate,grains,33.79925610780536
557.5,5,13.742599198923944,47.55090546424451,1,0,6.107809272855737,Intermediate,grains,62.90751934753595
153.0,12,28.110566815352925,65.92849778300948,6,0,39.67012494832954,Beginner,grains,39.6657079268582
495.0,14,34.78971022175685,53.71235557859821,5,0,6.923282272787812,Intermediate,grains,32.72761351567675
286.0,12,14.500260936818089,85.53823980152015,5,0,5.999831691151119,Intermediate,vegetables,22.55562531294854
333.0,13,30.89995159453024,35.06354283267254,6,0,42.675674819981815,Intermediate,dairy,45.64164987381024
104.0,18,25.938831611755745,50.67624506685358,5,1,26.61324164561101,Intermediate,meat,37.80635411084179
183.0,8,33.257972120945595,83.8604803606774,2,0,29.191308156165466,Intermediate,grains,36.35079061729738
257.0,10,25.433793935324356,50.00443932954663,6,0,41.37776970368103,Expert,meat,35.528780533407016
314.0,12,23.2588598432064,77.34965079532388,5,0,18.82575328314742,Expert,dairy,32.08983493800963
393.0,9,12.17948669579578,59.96590619201013,5,0,23.106787282511043,Beginner,meat,43.74184457732785
403.0,5,13.841450954027817,55.75095560378141,3,0,46.87891143583819,Intermediate,vegetables,52.23524727166063
388.0,16,21.983861003446293,80.29592157274229,5,0,48.99154821552695,Intermediate,meat,55.60326930514261
224.0,18,26.132245938142923,82.91953018329815,3,0,5.306661405505765,Beginner,grains,20.784577215535744
143.0,17,25.829740650336603,72.60812590788396,5,0,28.084070741940835,Intermediate,meat,32.83440122472783
200.0,10,14.26661896374996,62.81779508228329,5,0,5.073969070060236,Beginner,dairy,20.784577215535744
356.0,14,24.85726876404437,81.42777359137693,1,0,25.30699763329015,Expert,meat,42.54529404897111
444.0,5,13.739516066689143,40.2349146934254,4,0,32.62907553230272,Beginner,meat,43.8771704460282
557.5,13,15.630592556712244,72.8646458175959,4,0,18.92357576917,Expert,meat,62.90751934753595
499.0,17,13.544359838177549,57.236810886501424,2,0,11.811702706847372,Intermediate,meat,33.49011057841999
351.0,9,14.708727094140036,61.93545186893857,6,0,48.27271131707746,Intermediate,vegetables,53.65759396965824
246.0,17,27.149193399574603,80.12881418293966,5,0,27.068383363348094,Beginner,dairy,44.27149612194058
159.0,18,15.770729728850302,86.42691034417035,3,0,17.033687531244844,Intermediate,dairy,24.15673617344304
134.0,7,26.367327035783703,31.8329674256028,0,0,17.399145521338305,Beginner,grains,28.518821448840303
100.0,15,11.577725826978757,36.65865147510888,5,1,18.82155416468952,Intermediate,meat,43.27533953549776
197.0,11,11.40340258540525,76.93027578547478,2,0,35.002918843591544,Beginner,vegetables,52.83357599233442
330.0,17,24.272612546104103,46.13753674958826,4,0,18.381268908881253,Intermediate,meat,37.386063510937966
305.0,10,11.195770509852636,57.53780876263792,2,0,49.72027889201775,Intermediate,meat,49.17632379541488
471.0,14,23.95350623984657,36.315551111820746,3,0,17.865524019704107,Intermediate,grains,29.23523001760587
100.0,14,28.585594651915237,62.67034614295368,1,0,31.39303014668519,Beginner,dairy,38.50093835466662
314.0,18,14.828321614682327,36.38062357534648,0,0,11.210696915902329,Beginner,meat,29.955870306642534
321.0,17,28.311218295952244,44.82789327968352,3,0,36.69508921807312,Intermediate,vegetables,49.193833553221225
557.5,7,24.943089131396608,74.4588750164747,5,0,23.680622279062447,Beginner,meat,62.90751934753595
557.5,5,11.717820812956694,57.49407902357003,6,0,26.72830734845472,Beginner,grains,62.90751934753595
450.0,10,12.279112260154792,47.11742030143898,2,0,33.26537890596073,Intermediate,dairy,41.41139572751132
425.0,11,26.74006540334905,72.90232313104103,4,1,11.442261101503686,Expert,vegetables,46.67172979068621
424.0,9,30.6300191853892,73.49138995890102,6,0,12.72183651793355,Intermediate,dairy,36.67830715880232
108.0,17,18.055387586115707,45.22926468940169,1,1,13.742310695081065,Expert,vegetables,26.88003880114452
259.0,9,38.74338690556097,52.73461668352886,6,0,49.28141814256086,Beginner,meat,44.95541731160156
346.0,5,13.824595020714067,45.97008075093225,3,0,23.73182513095583,Beginner,grains,38.68007153542472
115.0,15,16.94381559373153,52.95481941423813,4,0,26.059120811511956,Expert,meat,29.990518111838615
303.0,14,13.844778741700775,76.92092009597803,6,0,43.81234283307134,Beginner,meat,50.95635127596714
229.0,17,24.967849502502688,52.20314008045531,1,0,10.1093289046829,Intermediate,meat,26.145963479108737
380.0,7,12.353797753142448,30.400927753433265,3,0,25.556801205026083,Intermediate,dairy,32.77750556409924
150.0,19,25.32250402154873,34.44253307474088,5,0,11.136664736040462,Beginner,meat,28.13151835691437
233.0,9,20.081534028095795,69.75987078356133,0,0,13.517764066220424,Intermediate,vegetables,27.484251901320704
120.0,11,23.894893817049585,45.23849247432148,4,0,15.157747572760734,Beginner,meat,29.371950829934622
421.0,18,38.74338690556097,44.07920650655096,1,0,24.268277294022777,Intermediate,meat,33.13949371526604
345.0,6,33.81993819003236,46.00051179971865,5,0,28.740364204973893,Intermediate,dairy,52.11980558413495
157.0,7,10.500658898145613,37.77603907172652,0,1,15.603028303624177,Beginner,grains,29.62870217289998
441.0,15,22.401195966997165,53.179390384587954,0,1,27.66598741977075,Beginner,meat,56.19278606770315
202.0,10,28.91589509462337,31.866935995041462,5,0,22.545488583098628,Intermediate,meat,35.97056329649056
340.0,18,22.02259578622462,57.03582113898804,6,0,19.655816092877892,Expert,vegetables,44.23563910533809
204.0,10,16.214506442873553,83.7645067076744,1,0,9.861303087121064,Intermediate,grains,25.792558646776204
403.0,15,23.71249304128692,48.1468486973628,5,0,6.9491872964440375,Expert,meat,35.982798959573486
296.0,7,20.87950998138392,63.538838045986445,1,0,20.01474007851617,Intermediate,dairy,29.02433765482486
112.0,14,19.809843038211863,67.25451541306248,0,0,19.664660417710568,Intermediate,meat,20.784577215535744
343.0,12,19.56984763524677,78.14125974955584,4,0,15.464359922938474,Intermediate,meat,35.12250024596107
381.0,16,14.132352774254365,62.95858628880624,2,0,32.591835999635805,Intermediate,meat,42.13789863938872
401.0,15,26.39309181404141,70.29853689276179,3,0,44.42866152213002,Beginner,meat,54.428789028400345
557.5,9,10.726784508598843,45.16881636535203,4,0,31.24075205537912,Beginner,dairy,62.90751934753595
206.0,12,34.19389692758472,31.77024330871236,4,0,14.065876447408982,Intermediate,meat,33.17869329213691
557.5,5,19.91649440858905,31.64521859835946,2,0,46.28943543441851,Expert,meat,62.90751934753595
138.0,11,33.31826851190637,44.513333013248754,3,0,43.85680737661019,Intermediate,meat,51.63730321018424
489.0,7,23.00741442296635,76.84391119205407,0,0,32.06228318098535,Intermediate,meat,48.94411363019948
279.0,12,20.325779366192425,53.243555140119554,0,0,31.910410279793734,Beginner,meat,32.46326536709223
301.0,19,13.981143456981613,61.87899123408354,0,1,18.63578781419135,Expert,vegetables,45.18306143655384
445.0,19,29.585568148540368,79.09240012489485,6,0,46.21047077543573,Intermediate,grains,55.65201446440136
153.0,5,24.429630917793705,48.02936313602594,6,0,30.584851502207545,Expert,meat,35.002366055909526
371.0,14,31.833416543096195,73.8297816575274,2,0,18.854335637346534,Intermediate,meat,39.73588677886973
468.0,12,16.892996327388808,60.09092768878403,6,0,13.628129782561992,Expert,meat,37.51097004039587
230.0,17,30.537823685186023,31.0800053367129,6,0,29.797292898271955,Intermediate,vegetables,36.81092527098032
195.0,9,18.541862547423023,30.172875099936878,1,0,14.797063084016818,Intermediate,meat,20.784577215535744
313.0,6,15.021477246557351,65.4520464762625,5,0,31.67469233915832,Expert,dairy,41.737492242829056
263.0,19,25.732470150268405,86.84371497518681,4,0,44.4853456971426,Beginner,meat,56.42865500191609
346.0,17,22.528824979550244,85.84843783898938,1,1,23.100068068120056,Intermediate,meat,56.65785032273703
285.0,17,22.86643966433779,75.81474413199436,2,0,42.638941534353776,Beginner,meat,52.25791761471604
146.0,9,30.468375101856758,32.58041711201637,3,1,19.674853363065807,Expert,vegetables,35.63798865170704
349.0,15,13.9095451100862,39.76890298061183,0,0,17.33541637186403,Intermediate,vegetables,30.75525793655125
202.0,9,31.97678700570329,66.82664512894195,5,0,45.44545503818065,Intermediate,meat,39.90111001846277
496.0,16,28.648130220341866,86.95251761223074,3,0,40.83352985368095,Expert,dairy,62.90751934753595
483.0,14,20.95430866029969,32.278893797391206,6,0,36.53264845779187,Beginner,vegetables,59.7464323522765
472.0,7,5.8109040655540305,79.08160494832158,3,0,27.5903688982632,Expert,vegetables,46.99124467974566
132.0,14,11.810406803658536,44.33139962411566,4,0,6.888383304963544,Expert,dairy,27.580877294803276
351.0,5,25.901769093245623,80.38896972873187,1,0,33.49684407242347,Intermediate,vegetables,38.22834940250373
472.0,6,16.99258846178698,52.269696887144505,0,0,23.0806910799241,Expert,meat,47.26385792863484
306.0,17,13.24566122379294,52.99705437853208,3,0,9.60651880624442,Intermediate,dairy,32.881829624355895
336.0,19,14.63647186691636,74.2539449455696,4,0,20.553124710938068,Expert,grains,42.594171912449845
430.0,16,11.72529559055672,48.89517531677806,1,0,8.646737470927555,Beginner,meat,34.957215203516746
143.0,15,31.011310156923336,84.0192760844563,4,0,42.59176386279108,Intermediate,grains,54.33042519963962
271.0,14,14.863958079632525,68.66821662726201,4,1,19.223495772946883,Expert,meat,42.46912685341998
473.0,5,22.55125533721118,33.11405661523854,1,0,8.642918125205966,Intermediate,vegetables,30.87745733473239
436.0,7,17.99167081101362,84.67009711080475,1,0,23.861127849892476,Expert,grains,41.17630009025122
239.0,19,16.103682260559356,44.10223288822951,2,0,37.92029538025103,Beginner,meat,42.2004241450464
271.0,17,18.052367555483382,56.84808847934747,3,0,28.848665345963926,Expert,meat,42.16060754573266
230.0,6,30.670972092796937,76.94329976760524,4,0,35.40925818028507,Expert,meat,40.820062355471045
388.0,12,25.24579513746736,35.62034524235461,2,0,42.2374433736053,Beginner,meat,56.56163847755517
382.0,10,17.470897158432848,32.66326633025127,2,0,27.612089457211944,Intermediate,vegetables,40.79609504108701
202.0,9,32.31875912441058,66.82664512894195,5,0,45.44545503818065,Intermediate,meat,39.90111001846277
125.0,14,34.71039973530191,51.29164984476887,2,1,10.098482197922046,Intermediate,dairy,32.53548134270126
129.0,9,23.56364508488557,64.93099380555539,2,0,16.196856215896936,Expert,vegetables,21.41751257005324
326.0,5,30.536018200246662,81.24815985903027,0,0,12.74387146036819,Intermediate,vegetables,30.03775847772595
557.5,14,24.429319582188757,31.968577447716505,6,0,26.208872355835453,Intermediate,meat,62.90751934753595
128.0,5,18.22543594536656,47.8036584662454,1,0,11.711337167288184,Expert,grains,20.784577215535744
352.0,12,33.682447206408455,78.44376182039707,5,0,10.38028989884254,Intermediate,grains,42.43779828553889
221.0,16,24.96328939210914,58.89296041655126,5,0,47.78683969623941,Intermediate,meat,44.92645765113501
152.0,6,12.798398175538258,71.74784865932669,4,0,22.452542130699246,Intermediate,vegetables,26.745208960661795
414.0,18,27.44176568800188,53.23423627068576,6,0,29.10355252644085,Intermediate,meat,44.40918621904974
441.0,6,30.46767642798082,63.79733585722888,4,0,21.51326331532402,Intermediate,dairy,35.60992275517077
286.0,12,11.09154144268403,30.126230590553003,6,0,5.580825259144639,Intermediate,meat,20.854052816946503
317.0,13,32.40553256712596,57.77111730095103,5,1,32.64800033440957,Intermediate,vegetables,46.93456143553215
120.0,11,23.904543375993924,45.23849247432148,4,0,15.157747572760734,Beginner,meat,29.371950829934622
557.5,18,21.54332034030956,80.59668545618413,6,0,5.993863038553088,Intermediate,dairy,62.90751934753595
389.0,7,13.044047778131867,32.499409102960946,1,0,25.81670961973189,Intermediate,meat,48.93141133145401
160.0,17,28.493258302138518,34.62871011237491,0,0,9.303831321067218,Intermediate,dairy,20.784577215535744
367.0,18,17.879738027433973,86.09966591032592,6,1,17.891318198506262,Intermediate,dairy,46.59667959193476
359.0,10,5.8109040655540305,82.63436742973202,1,0,47.37095837302702,Intermediate,meat,62.90751934753595
302.0,12,25.37445600852831,32.724196888121554,0,0,14.31756875223648,Intermediate,meat,31.78580673014093
321.0,9,25.15927361083439,86.93075734986783,0,1,49.79633685560665,Intermediate,meat,60.55478273967968
317.0,17,24.697109277759672,61.03436290285991,5,0,47.16175386790125,Intermediate,vegetables,46.36845766601047
492.0,11,33.38004538248649,46.669324366904064,3,0,14.034693864050537,Beginner,vegetables,47.92574398803941
358.0,11,25.492486004985395,53.44092665915635,3,0,40.50602800466604,Beginner,vegetables,60.03989131385495
225.0,17,21.21943934578508,32.68670703028009,1,0,19.86761631495274,Beginner,meat,31.77886726915395
417.0,7,20.929134720420663,54.23387185020742,2,0,43.46626004596676,Beginner,vegetables,60.41570084963234
225.0,13,34.12824355317491,84.22545430650854,2,0,15.88271879369089,Intermediate,meat,20.784577215535744
428.0,5,9.783393172948031,37.64723756537214,3,0,17.50303234429545,Intermediate,dairy,25.346539962409963
142.0,7,22.431398257867205,68.49791452964126,1,0,43.81203298542354,Intermediate,meat,34.45647907704216
272.0,9,28.19867941826858,49.58030585591924,5,0,32.86256199093763,Beginner,meat,39.09620205186671
420.0,5,38.74338690556097,73.18748720128116,0,0,21.82762105155804,Beginner,meat,40.89364052229679
227.0,8,31.156132300476237,54.7605195650038,1,0,16.901231750023584,Intermediate,meat,27.46176944947142
343.0,12,19.590306510140543,78.14125974955584,4,0,15.464359922938474,Intermediate,meat,35.12250024596107
445.0,15,30.9986791168118,67.69428662779688,5,0,46.96450652086029,Expert,meat,59.80524071793212
358.0,18,13.117851422784762,41.46712256976016,2,0,44.44762221571512,Expert,dairy,58.91165116629695
411.0,17,30.034172895487977,35.89409953134483,0,0,7.812812367968487,Expert,grains,35.1648102824776
254.0,13,29.95860470560821,33.02933666474448,0,0,42.25894085760132,Beginner,meat,45.34485117834335
252.0,10,18.43067831888551,85.00750144214011,6,0,14.296145729980138,Expert,meat,20.784577215535744
393.0,6,30.869366093229228,51.622669195820855,5,0,27.0066098888429,Intermediate,vegetables,40.94928373978302
114.0,14,32.63399685694676,77.03924152136133,1,0,11.968590833546958,Beginner,vegetables,29.354234801149428
474.0,10,22.51113272826853,83.66715340945393,0,0,19.278746483921893,Beginner,meat,45.318940562583386
188.0,10,12.554840492342976,71.95892250757223,0,0,48.89628627413098,Intermediate,meat,43.73146373616711
412.0,13,13.19970521333966,35.03517214928576,5,0,38.24345793271687,Intermediate,vegetables,54.42268691041567
210.0,19,30.481377621786528,77.24240070030633,0,0,17.219770482986853,Expert,meat,36.39223657498373
128.0,10,23.7522985114539,31.95707690049399,1,1,48.63271725069521,Expert,vegetables,60.93248672044817
351.0,12,19.934474711610022,59.27107183154439,3,0,48.34215621792799,Intermediate,dairy,51.94607399547407
240.0,10,12.698592866161608,80.37957934252742,6,0,42.11631265909238,Expert,grains,39.56599547999189
263.0,14,19.691839868759857,50.21788354304739,0,0,19.131971311329465,Beginner,grains,35.33297996955335
312.0,7,30.3779596120092,57.797619196367805,6,0,29.547065322267606,Beginner,grains,49.73890577263821
379.0,9,29.843596259512907,30.365324894390344,1,0,34.815556298245326,Intermediate,meat,47.22914499358653
557.5,7,17.08357370663954,50.4228055600005,2,0,19.40122924530764,Intermediate,vegetables,62.90751934753595
315.0,15,18.42101254652758,47.48974445542338,4,0,22.73405687485264,Intermediate,meat,37.11049593565764
493.0,10,15.813783959134502,57.295133370455225,4,0,23.71376027335764,Beginner,vegetables,55.15664252828528
475.0,10,14.742371204366927,84.38525783486621,0,0,25.34911155965924,Beginner,grains,48.80799660662797
472.0,11,26.752400865273543,61.71468658333183,1,1,18.30864031677593,Expert,meat,53.28216664259303
370.0,18,21.342340865132066,46.06660052930005,4,0,35.42472616164584,Intermediate,meat,54.09957063564255
466.0,12,34.0809163360033,37.214833590700536,3,0,34.382734616202896,Beginner,vegetables,54.96912120813671
138.0,15,23.04325116590533,62.72286727309815,4,0,10.056401687704351,Intermediate,meat,20.784577215535744
159.0,14,34.08367082050998,51.371138827055645,3,0,38.28573039933987,Intermediate,meat,40.61710993168761
291.0,19,19.501862723430133,82.32290030682046,1,0,27.25345063041836,Beginner,meat,41.35946784132371
466.0,8,30.559835470426453,88.29198254343532,2,0,37.1486345661724,Beginner,vegetables,57.51177973854366
348.0,16,24.95281573422545,70.24053152293953,4,0,30.408793605329087,Intermediate,grains,38.96186733709444
397.0,14,33.495494798171045,76.41233349207383,3,0,42.96897697942821,Expert,dairy,62.679084972593685
105.0,6,33.24014693554973,77.60364085832086,2,0,16.508466569673516,Intermediate,dairy,31.40019827763192
468.0,7,11.910421485951286,81.83769484410061,0,0,47.812858789059774,Beginner,meat,62.90751934753595
174.0,14,27.024370680956117,61.635910854915394,6,0,8.652390100867153,Intermediate,dairy,21.42808367543482
322.0,6,29.562123114098448,66.183858370231,4,0,5.647155619286884,Intermediate,meat,20.784577215535744
557.5,7,17.391956137878992,50.4228055600005,2,0,19.40122924530764,Intermediate,vegetables,62.90751934753595
202.0,5,11.308471894662707,79.6028795958611,6,0,31.99855362174797,Intermediate,dairy,33.61210489811654
459.0,16,5.8109040655540305,64.62243986771465,6,0,30.08322339413842,Beginner,meat,60.69037440873305
411.0,11,31.928461037785095,68.1625481267981,0,0,26.263194926881336,Beginner,meat,46.20074740395693
557.5,16,30.579350389891506,50.5069442842057,2,0,31.732225950506503,Expert,meat,62.90751934753595
125.0,17,15.88088962004962,31.32161527342902,4,0,21.04570966778686,Expert,grains,20.784577215535744
557.5,14,19.07751841585026,56.30309880184568,0,0,15.411093901673404,Intermediate,vegetables,62.90751934753595
250.0,14,13.17999406718624,32.673829406920746,0,0,40.21250649711321,Beginner,dairy,51.609715000425886
262.0,18,28.107132703160296,45.76053855591911,0,0,16.811176330456902,Intermediate,grains,30.69250997587629
490.0,12,17.8067946512199,32.02015069283236,2,0,46.92640881565259,Intermediate,dairy,62.90751934753595
307.0,6,34.18778159034444,59.30247773897632,3,0,31.087902476038643,Beginner,meat,49.000917027210384
337.0,15,31.99554784879238,54.68036798994864,1,0,19.229680515349852,Intermediate,dairy,32.96766260645548
376.0,13,14.890231826112876,43.22902160839824,6,0,24.12290835780937,Intermediate,meat,40.124705966212645
262.0,6,26.68375995116071,52.61913251557681,0,0,32.266678793641134,Intermediate,vegetables,38.90545265324258
187.0,13,18.160839412582327,30.22902804746083,2,0,42.337528984473096,Expert,meat,48.10629775919871
213.0,5,26.165147835571503,36.05647199865129,2,0,41.34730189916658,Beginner,vegetables,36.06435439834711
341.0,9,5.8109040655540305,44.34952666693458,6,0,36.7503220242361,Expert,meat,47.53306062630596
419.0,15,11.640653614350324,58.74420378620107,5,0,15.171493855489343,Intermediate,dairy,35.56827613398504
259.0,16,31.79581947432803,73.2836070663773,4,0,20.383127847414144,Intermediate,dairy,36.10476295335495
415.0,15,14.461149130694302,43.15643771543255,1,0,35.62157581359683,Intermediate,meat,47.94267080358176
212.0,6,18.075279959655347,65.68819288066737,6,0,7.874589534390628,Beginner,meat,23.81096928366299
470.0,12,24.92617292239229,63.27944088210573,4,0,19.78511674486093,Beginner,grains,39.2634479174479
400.0,6,32.429658524115474,89.77573719149261,1,0,23.19087389481676,Beginner,grains,43.31566368823671
444.0,5,28.79789439274597,83.93084329081483,0,0,16.55345733393911,Intermediate,meat,37.41623060587887
225.0,5,34.45154544933821,35.52571519397414,6,0,37.6113314417821,Expert,meat,35.83680157884877
314.0,9,10.260692484935078,63.119418127243264,1,0,27.666877418783184,Beginner,vegetables,46.04778611530802
132.0,14,14.211109628567993,85.12408263638264,4,0,28.09287870269161,Expert,meat,28.30851581632198
260.0,17,18.20953069712703,86.94672858536643,0,0,15.107109803369818,Expert,vegetables,30.575653714870235
212.0,12,17.803701417411176,64.75598122923161,3,0,29.898078783035004,Intermediate,meat,40.8021964008873
127.0,9,20.45999471669132,65.7792911316221,2,0,38.8457914794607,Intermediate,grains,34.74902392736851
140.0,14,26.28798667005662,84.64059476610836,6,0,47.34717170172696,Intermediate,meat,59.1004523269721
317.0,6,33.93307219736468,35.99200926817069,1,0,36.28343597945295,Intermediate,grains,46.1404537057177
485.0,19,19.803780286129918,34.110324397618776,6,0,43.68003786130716,Intermediate,meat,59.27451313166337
192.0,7,19.29831669792162,67.64919430705676,1,0,22.00973173817689,Intermediate,vegetables,32.16230121701343
323.0,16,15.430227442280264,54.9566342749113,6,0,14.05687046605126,Intermediate,meat,36.12346061057015
493.0,10,14.971406944382398,50.24040846102141,5,0,39.79325755664412,Intermediate,vegetables,58.62991168637818
439.0,15,21.50405661221099,40.326636169366665,0,0,41.230258309228,Intermediate,meat,62.90751934753595
406.0,5,21.64532017550621,56.93118430048249,5,0,17.75138310010032,Expert,meat,28.63989248880968
255.0,6,10.046997088122763,83.76244797943315,2,0,5.17267154785104,Intermediate,grains,23.42633333540604
152.0,14,5.8109040655540305,82.11309037921733,0,0,8.452527208379834,Intermediate,grains,30.17570890003757
195.0,9,16.65048195013452,59.83874677013834,5,0,30.30932183530644,Intermediate,grains,38.30562770987711
487.0,12,21.05746905952276,34.454452379303184,3,0,45.84809449298808,Expert,grains,53.02811142358642
220.0,16,19.092328118903502,42.24147994431472,6,0,17.807017203710643,Expert,vegetables,27.43161176278955
211.0,18,15.864032333370716,80.31295289416968,2,0,33.38228500213681,Beginner,meat,35.660235519048264
306.0,15,29.69282538819272,42.32408450868176,2,0,13.679175591032642,Beginner,meat,32.57479849268744
150.0,6,25.080485255334303,37.1972215814334,5,0,11.625218348473265,Expert,meat,23.314972141368774
451.0,16,24.93689656579825,70.52521245282534,4,1,19.539486574985176,Intermediate,meat,40.83410302029882
290.0,8,27.873101005056192,49.82448023254644,3,0,37.95748009688997,Beginner,grains,48.023982951476846
470.0,6,13.059418933129448,40.32535375771556,2,0,29.506795191983723,Beginner,meat,53.67869683480741
363.0,6,22.04087116337156,76.61568061963354,4,0,36.99504328774151,Intermediate,dairy,44.14709184987851
289.0,14,29.193097201669502,83.28234386160707,4,0,14.817844831697297,Intermediate,meat,40.83991087157772
227.0,6,16.35561449743733,89.69147838355929,3,0,31.44636582293957,Beginner,dairy,36.31985707702058
228.0,18,25.21216031649478,53.10720719415001,2,0,34.10767530168714,Beginner,vegetables,34.707083245755896
278.0,13,20.75842943772303,70.5348055170156,4,0,16.682147766881535,Intermediate,vegetables,32.148650553802
360.0,8,12.569810112316642,89.03041877132627,3,0,44.06761828969268,Intermediate,dairy,52.931599282810026
434.0,13,12.22100612718911,88.6262539830944,3,0,10.463670747723748,Expert,meat,42.26877358808445
284.0,6,23.312029813985653,70.93163283759662,6,0,18.690883872223807,Beginner,vegetables,35.647366340464266
198.0,5,21.54867341677389,71.89866943365436,4,0,39.23986899521793,Expert,meat,37.895126410712464
478.0,19,13.648051850878636,58.37382796865429,2,0,10.004393630219845,Intermediate,vegetables,50.20888551953365
244.0,12,34.5309093586076,38.34695093346525,2,0,12.97072148892143,Intermediate,grains,28.0095098013163
158.0,7,22.079213010420133,82.4536034483011,2,0,24.16719688101228,Intermediate,vegetables,34.50138153432251
485.0,15,17.41224453208288,76.24455185433311,5,0,43.292835473306,Intermediate,vegetables,62.90751934753595
557.5,8,18.07826642675696,52.48821406690778,0,0,7.293869466009909,Beginner,dairy,62.90751934753595
120.0,13,16.312718742209555,87.97460464240788,2,0,18.413404273617022,Intermediate,grains,21.20784527390633
332.0,18,25.15471783902929,68.27262555981804,4,0,12.408279271640094,Expert,grains,34.85539944387109
168.0,14,28.73209281739441,85.53133247111285,1,0,11.158032496386056,Expert,grains,23.751921841598627
332.0,8,10.275790356561645,51.7305752879237,1,0,10.016945952745187,Intermediate,dairy,30.401982938361428
487.0,7,13.523990688044233,67.8420282695271,2,0,39.84887725728365,Intermediate,grains,53.80048111706691
441.0,8,18.5890118693926,54.14679824602014,0,0,42.1345117066834,Beginner,grains,58.34171143004316
109.0,17,11.56355567243421,40.81174524768888,6,1,5.901045337948442,Intermediate,meat,27.969396572762623
257.0,5,31.179184034314357,66.12701912128676,3,0,36.2307836347584,Expert,dairy,34.93707296986269
416.0,9,28.93704711973544,42.88007183835221,3,0,47.470015011576606,Beginner,meat,59.60539459385943
141.0,5,25.30644964702895,61.89596787626585,0,0,21.19073420953848,Expert,meat,34.975518090579165
367.0,12,33.53093760580966,84.44280988277082,3,0,14.671243912402364,Beginner,vegetables,33.42661312208679
171.0,9,20.722171971525967,88.91434188459235,4,0,8.7918964770133,Intermediate,meat,22.70308287551557
434.0,10,20.099446908163703,41.38891817832936,1,0,6.114419490926804,Intermediate,meat,41.23289697247544
487.0,9,33.607590873945746,79.56234309999431,6,0,42.45877325346137,Expert,meat,51.63918351701324
383.0,14,38.74338690556097,31.84740297962687,1,0,6.391889662710471,Expert,dairy,35.35247410335702
291.0,13,28.49178251816909,55.1633767000183,2,0,21.78499260050884,Expert,vegetables,38.97142653183968
497.0,19,25.415114546561853,43.11059006124782,0,1,19.360557041920814,Expert,meat,54.47205000458349
250.0,8,32.64727761969401,36.77589856116068,5,0,5.852543151845956,Intermediate,dairy,24.92227385974448
160.0,6,19.934534762132916,86.17602836479315,3,0,25.981397668752592,Intermediate,dairy,30.967777194653983
409.0,14,31.722515638514277,70.84535357762914,3,0,15.97108719695808,Expert,grains,43.59308945899236
339.0,7,18.49443678904713,72.22753865943045,2,0,19.21987135063523,Intermediate,vegetables,33.296391741656024
261.0,16,31.32724058509126,41.2148664365077,1,0,42.24538376515724,Intermediate,meat,48.30380463938802
237.0,8,26.604697862635437,62.9763761118454,3,0,22.349910398059123,Expert,vegetables,31.85015942978777
345.0,17,30.23824939421105,81.80404601142011,6,0,5.041823759148248,Intermediate,dairy,33.8274408115371
150.0,14,21.14895767525804,52.896716392032005,1,0,18.83884079707053,Beginner,vegetables,24.44965456041181
144.0,18,22.33192116959499,69.91752611868331,5,0,10.240651871677064,Expert,meat,28.962394104348828
290.0,19,12.343923016138916,65.62814884857693,5,1,13.692200378379471,Beginner,vegetables,46.06310463655162
445.0,10,21.190073508005423,78.43135912747128,3,0,34.42040380060077,Beginner,vegetables,53.48801722590407
451.0,16,17.060772467162792,67.51228617182653,5,0,10.140671236612812,Intermediate,meat,35.60112292648284
330.0,6,29.59581383547155,32.69121408141412,5,0,49.44872925946349,Intermediate,meat,54.95922069489514
438.0,12,30.05326395318969,30.781774065425022,6,0,46.21134125078025,Intermediate,dairy,50.01830836805584
101.0,10,26.54080875927867,72.5408234572219,5,0,5.7504116070427616,Beginner,meat,20.784577215535744
286.0,15,38.74338690556097,53.51149778454473,0,0,21.34727583795048,Expert,dairy,34.982513272835654
496.0,6,15.816138464067024,66.19750834289658,0,0,42.00026506596547,Expert,grains,62.70996773341118
473.0,18,27.147781776246596,38.53022680223373,1,0,10.077943423262964,Expert,vegetables,38.846223448220215
161.0,11,32.06333714549,57.0279180994691,6,0,9.43674036088714,Intermediate,meat,20.784577215535744
307.0,10,17.421731864007022,32.0676755655,5,0,13.946632742183132,Beginner,dairy,33.21430954232683
243.0,19,15.778272810691163,61.9147623914558,1,0,39.46872086848306,Expert,dairy,47.65382663172371
296.0,15,15.896439978592175,56.92881874479636,4,0,38.51712839884609,Intermediate,vegetables,47.09772643098356
388.0,15,28.72904097753208,46.29412588506239,1,0,28.63662884517125,Expert,dairy,43.34716212732006
323.0,5,16.08694921012168,48.11500200465011,2,0,22.93891223958788,Intermediate,vegetables,42.11775422243314
207.0,7,15.089457008556067,62.975019403328616,3,0,45.74924770680055,Intermediate,vegetables,46.36652962334666
264.0,6,29.50532658575256,58.935861675131534,1,0,36.538956460644286,Beginner,vegetables,44.81123862378257
133.0,7,17.264688995158878,34.10004629073625,2,0,8.137374162517826,Expert,grains,20.784577215535744
328.0,15,19.381497611066656,85.86059825311798,2,1,15.421956114375453,Expert,grains,42.09719728374481
234.0,9,30.469641083927343,31.63050096545065,1,0,17.701811168581976,Beginner,dairy,35.34209405578293
127.0,16,19.47567815547744,45.20143020357968,2,0,36.27132709016784,Expert,dairy,36.79611132796196
164.0,5,34.77816079553259,42.803600878541374,2,0,31.839527958154697,Expert,dairy,30.723275078314938
185.0,13,10.521528482288453,79.77525341191502,1,0,30.510175831229123,Intermediate,meat,42.843562459021314
185.0,16,26.85759516022621,33.1319177426983,5,0,11.38974167084381,Intermediate,vegetables,23.26068621846609
266.0,9,13.973457081918912,72.46129957983712,4,0,39.71804278993194,Intermediate,meat,39.66096850558484
476.0,12,22.849896695218124,38.33227958379102,0,0,25.042393669004248,Expert,meat,45.92131478268247
263.0,11,23.467391683575972,53.50943779701,3,0,43.20157412642328,Intermediate,meat,44.1989861852648
140.0,17,22.16494155609383,75.22978203415312,2,0,42.32233175640685,Beginner,dairy,45.63730436819447
225.0,11,23.48890551238763,55.6501098796867,4,0,46.68387246145382,Intermediate,meat,44.27071902428671
413.0,6,14.343836882689171,84.21647066080772,3,0,38.23276453297334,Intermediate,dairy,51.13027259648881
162.0,5,29.315568186234565,54.08673785479162,1,1,33.62307891585016,Intermediate,meat,52.61739096948755
485.0,19,19.340558078863005,34.110324397618776,6,0,43.68003786130716,Intermediate,meat,59.27451313166337
319.0,15,14.158290193578557,79.18786829908365,5,0,33.21357955379224,Intermediate,vegetables,53.13171735963514
274.0,8,26.90130642966886,43.60382297541064,0,0,39.53744737658175,Intermediate,dairy,49.14366793128884
173.0,15,13.13083926082068,44.74844635836918,2,0,25.124046449739712,Expert,dairy,39.99950516248747
287.0,13,11.611590560955934,40.14486422135956,4,0,9.16251970725337,Beginner,dairy,22.98692077983161
448.0,15,34.41813096656448,32.64971617066988,1,0,24.619783125676364,Expert,grains,40.023239995528414
370.0,9,31.145476340003132,53.38556324558952,5,0,40.115653823307134,Intermediate,grains,53.440622009713785
420.0,16,26.89955688965889,89.54653736248673,6,0,36.76803064610032,Expert,dairy,51.13186182269904
371.0,16,13.445572478980884,75.54413635550254,0,0,45.06064798080969,Beginner,vegetables,56.20248094010072
221.0,16,12.33519929938239,62.51940449338596,4,0,40.637103033369385,Intermediate,vegetables,35.26192923315782
291.0,5,29.65689891892736,77.77443573377126,4,0,40.68783627667951,Expert,meat,48.43122661388152
289.0,10,35.11676371188213,52.77017420248312,6,0,35.31657800939704,Beginner,grains,44.97120795281349
557.5,14,15.402261329632688,71.38673095488727,4,0,27.80086058843013,Expert,meat,62.90751934753595
189.0,10,23.137615549216,63.67761257690417,3,0,38.48128611564545,Intermediate,meat,39.59379580090337
330.0,6,24.83196620775447,82.93551336569087,4,0,24.01952152050313,Expert,meat,41.49873003619349
138.0,5,16.733282457550626,63.7994785219828,3,0,35.21327326896816,Expert,grains,29.439951281926007
429.0,7,29.509994403681866,68.43813556815519,5,0,31.971784679239384,Intermediate,meat,47.23485390110691
388.0,17,14.45631167261604,33.113717971104656,0,0,14.86067291018604,Intermediate,dairy,29.67590590798278
243.0,19,19.634397076184044,48.6050723005653,3,0,37.79914120197535,Intermediate,meat,47.99190950936404
382.0,13,33.24042307189211,84.39433264032976,0,0,32.82308594396546,Expert,grains,52.33876215983008
238.0,18,28.926481690280585,44.051066808929136,4,0,11.090994573797785,Beginner,vegetables,33.7421835291834
348.0,7,34.51292055002765,88.73745042246625,6,0,19.77734748274724,Intermediate,dairy,43.31353963662757
135.0,18,15.15465411296066,54.96728568426554,4,0,41.16898562052932,Expert,dairy,40.400829953870485
440.0,12,34.49116787584708,56.11945328731417,1,0,22.809995584719385,Beginner,meat,43.30844444240998
295.0,16,20.464515540598384,48.9088223479532,3,0,38.7617357339292,Expert,meat,48.27761435066501
187.0,13,17.74548201979458,30.22902804746083,2,0,42.337528984473096,Expert,meat,48.10629775919871
140.0,15,10.4591909235135,54.41831457805584,5,0,12.314209436091854,Intermediate,meat,27.065493186452
113.0,11,23.17560240529655,88.90792159563766,2,0,8.001224663245198,Intermediate,meat,20.784577215535744
278.0,18,26.520502957481263,64.4867732558649,2,0,13.783872405734714,Intermediate,vegetables,40.81646090811424
372.0,10,17.551512545869876,38.71179077307961,2,0,33.7319953159611,Beginner,grains,54.64554559061014
414.0,19,20.132754577143587,78.48135779439318,2,0,33.139848186690486,Expert,dairy,52.44275056642469
221.0,13,15.69606043857775,80.12446985052756,5,0,41.13415855890968,Beginner,grains,45.11368986323743
177.0,5,34.33643474940433,89.25957554047511,3,1,5.474800510258543,Intermediate,grains,21.56554549366156
165.0,19,13.624126809495426,74.00920478952622,6,0,9.56209291114386,Beginner,grains,34.46968384941936
289.0,10,34.75370931876618,52.77017420248312,6,0,35.31657800939704,Beginner,grains,44.97120795281349
152.0,7,27.00329827758629,50.42224477834576,2,0,45.64616472928088,Intermediate,vegetables,42.11801989845912
219.0,19,18.714341681049262,49.549387053866994,0,0,7.662968233859382,Beginner,vegetables,31.955215407462436
348.0,12,28.96062544672778,57.04118849633478,5,0,7.234767115687349,Intermediate,meat,29.42935627216665
194.0,9,14.343814891557365,33.58298933825336,2,0,37.9786634299324,Intermediate,vegetables,42.908674450585394
441.0,17,30.6283048982176,89.69888215950559,5,0,7.764130816692471,Intermediate,dairy,41.6100412242775
447.0,12,38.74338690556097,37.52138854754314,6,0,7.453036734702183,Intermediate,meat,37.22588760016535
557.5,16,16.10849851966165,68.27725576108432,3,0,26.434505849310696,Intermediate,dairy,62.90751934753595
405.0,11,21.822299140829557,80.53384478063688,6,0,6.813002558054395,Intermediate,meat,40.36216505308717
479.0,9,22.10996118935101,82.7917606416696,1,0,18.813752699405818,Expert,vegetables,42.23319998951513
253.0,9,16.703475502387835,44.85060438842471,6,0,35.617298619313495,Beginner,grains,46.05697815501792
243.0,10,10.88927167588871,79.76349761751075,1,0,17.76235655377113,Expert,grains,20.835739174543814
155.0,5,17.82904987043206,33.001114609266736,2,0,35.83285309750012,Beginner,grains,38.640989924861
217.0,10,11.162514661001635,31.187739500835264,2,0,38.29405219701816,Beginner,vegetables,36.07514419765052
157.0,12,22.670960795512062,81.9492099133413,3,0,33.12408867692159,Intermediate,meat,43.102347038498095
319.0,12,12.296772192751115,55.806172591788005,1,0,29.83713624772099,Intermediate,meat,35.34865767771876
306.0,7,33.68376156577597,79.00093052704308,4,0,19.17546675695292,Expert,vegetables,36.61806785329181
244.0,17,10.57332028170105,61.055778078931326,5,0,29.91013396980611,Intermediate,meat,33.49878087126129
370.0,14,30.759733319169975,64.63498384611678,0,0,41.551615444565385,Beginner,vegetables,61.37539154422557
478.0,12,24.04982118667017,41.48566082997255,4,0,10.359794114452232,Intermediate,vegetables,44.47820964210439
381.0,9,22.676277596636027,62.81255795256268,3,0,44.085066271225735,Beginner,grains,61.47164287774171
232.0,14,34.39977123996981,77.06525148020506,6,0,49.13572124365632,Intermediate,grains,44.34609102083271
454.0,12,12.219184852694212,55.343071331058354,6,0,46.03183829087413,Beginner,dairy,58.63395686082685
167.0,18,25.755218708228604,60.774144968831855,1,0,8.111910547332556,Intermediate,meat,20.784577215535744
447.0,13,25.719120455148627,68.76577050030377,2,0,27.65961416803488,Beginner,grains,48.45205936270791
427.0,6,29.3951183948239,66.24430062427315,2,0,36.41892938044249,Intermediate,dairy,48.88488574689809
459.0,15,28.76823767498368,66.73548904571068,0,0,26.392363490996708,Intermediate,dairy,54.245769761141645
367.0,9,30.267148199656656,51.25606589046279,4,0,17.018375335534955,Expert,dairy,34.40843663602788
458.0,12,25.323604371640148,53.80781082517899,1,0,26.146191741511792,Intermediate,meat,51.797708633708375
153.0,11,21.75797635254464,82.96406284040532,0,0,17.70655635691953,Intermediate,meat,23.562718453819716
335.0,12,14.161069482229902,33.545633404695195,6,0,30.768928390201307,Intermediate,meat,40.60486015932328
458.0,17,29.82390236514079,61.79949137558512,6,0,5.644890764015057,Intermediate,dairy,35.47048980696812
259.0,18,31.61522089887592,62.68965945271121,4,0,28.48479476710744,Intermediate,grains,45.02294444071185
226.0,13,29.24861750629197,80.52446624391476,6,1,38.11630790983949,Intermediate,meat,56.36772278467056
300.0,10,18.650414191120987,32.38595789931417,1,0,32.89858541933739,Intermediate,meat,39.363101762174665
385.0,14,34.019513787174425,49.26486582522301,6,0,24.851774850378455,Intermediate,meat,44.72746940426555
324.0,19,19.596178796694907,61.9495619662288,4,0,40.448398473606645,Intermediate,meat,48.01682078187979
354.0,6,29.54475824612573,61.86512069311457,6,0,37.79538000154592,Expert,meat,51.35502788217421
100.0,19,21.80151085492496,78.5273990738123,1,0,13.02872434535731,Beginner,vegetables,25.528963152127705
232.0,18,27.650475191600616,72.37159097780152,3,0,11.22656903996855,Intermediate,meat,28.1773393440196
155.0,12,10.734103977559808,77.20617020142764,6,0,38.45458282802875,Beginner,grains,38.31161084839796
313.0,9,28.31588086752082,69.23964554038807,0,0,28.274424246208824,Beginner,vegetables,41.919807974869975
392.0,16,30.612851172420847,67.35118174378471,1,0,16.441755415018903,Intermediate,grains,37.44362806812546
485.0,8,16.39112494523181,58.69559305171341,1,0,10.98176192185922,Beginner,grains,35.68984150664048
447.0,15,34.3708663195278,86.11782591271967,2,0,14.314712056027618,Intermediate,dairy,44.06534191733787
301.0,18,10.175730095340478,37.10954152610404,2,0,43.49980055461426,Expert,vegetables,52.1594636298296
557.5,13,28.55870126431273,60.939564351387205,5,0,14.096722965137184,Beginner,vegetables,62.90751934753595
464.0,13,32.95519999056938,55.64973902140555,6,0,20.56364860888712,Expert,meat,39.74884586230344
472.0,9,22.71448223618946,73.92735641057735,2,0,19.68269682060259,Expert,grains,40.68538814478501
162.0,19,27.506298986113027,48.71904121958511,3,0,41.25209984466073,Expert,vegetables,42.44814334712834
440.0,8,22.362028282377324,88.92297222095775,4,0,28.950029368528725,Intermediate,grains,49.70735267877991
304.0,18,18.89933434487132,57.48133270009552,5,0,17.95458551313564,Intermediate,grains,36.33703728869845
484.0,5,19.422854118409298,66.95471494060328,5,0,7.420188387982005,Expert,meat,41.25908194110553
227.0,5,12.175974064691466,73.38896918787776,6,0,32.21777432131616,Intermediate,dairy,34.23489537377474
150.0,14,21.17730979780928,52.896716392032005,1,0,18.83884079707053,Beginner,vegetables,24.44965456041181
276.0,16,15.073409189372557,75.88314848857675,6,0,9.775651347094795,Intermediate,vegetables,27.55105051255697
253.0,8,23.49331546899857,74.22579302592308,3,0,36.75359283660417,Intermediate,meat,51.02067059490352
247.0,19,5.8109040655540305,52.22381917651839,6,1,12.62768413397264,Beginner,dairy,42.5817282173251
446.0,5,27.093852639426064,36.18728174448455,4,0,37.450956081057065,Intermediate,dairy,46.16071856272219
413.0,7,20.029697850974568,73.30329316303076,5,0,46.4681026358338,Beginner,meat,59.76235619601293
147.0,18,15.97638330493164,63.124161879202674,4,0,41.92484626650735,Intermediate,meat,34.490745813410804
180.0,10,33.81621595096793,77.20502010926621,5,0,13.893764926600856,Expert,meat,26.38852991430539
316.0,17,26.78637337236608,80.83630006331157,3,0,32.910860942101046,Beginner,dairy,45.702422255729424
269.0,13,18.91677435354412,74.36449378987871,2,0,29.638304782699752,Beginner,grains,38.457014258753055
329.0,14,12.84891586785793,83.67856785465807,4,0,34.462640682429935,Beginner,vegetables,53.21618977234384
379.0,15,5.8109040655540305,30.139052874288836,0,0,22.312965942835024,Beginner,dairy,45.17859439882015
334.0,13,16.517832497997915,32.76340405139738,3,0,47.863255535806935,Intermediate,dairy,44.2758108251147
470.0,10,31.803392500561912,52.39558886776554,3,0,43.34955760407533,Intermediate,dairy,55.97651862079997
557.5,8,19.261091141805583,69.31694458149948,5,0,8.944242628759397,Beginner,meat,62.90751934753595
194.0,14,19.28017734724996,81.04081563629077,3,0,43.31325865511633,Intermediate,vegetables,41.14693013822528
269.0,6,13.915960924345208,87.29081958230809,2,0,40.69078420833754,Beginner,grains,34.84305024107918
465.0,5,32.53439123971111,74.75160231762072,0,1,31.50590409414102,Intermediate,meat,55.95444716180847
250.0,7,18.87103400642226,81.25331438045208,2,0,26.44369118745068,Beginner,meat,33.88575429621124
356.0,12,13.060847458973528,42.92066288295316,4,0,29.629610795276875,Beginner,vegetables,38.24300544431093
341.0,10,27.132450402896836,38.62886101888883,0,0,35.99647266154942,Expert,dairy,47.765151636004006
103.0,13,33.866500750832685,85.75544388043376,6,0,33.89389283085796,Beginner,dairy,40.969616289130336
223.0,17,15.617529424317,42.5318442423444,4,0,31.08285937526615,Beginner,meat,42.12533495747312
276.0,15,15.674117359134105,36.533598838862346,2,0,48.987331619400194,Beginner,grains,51.83170663911999
364.0,12,34.70688177500328,61.3523830039232,0,0,20.269527604507,Intermediate,meat,48.04887711443829
243.0,8,28.27073687177191,40.10021735514781,0,0,37.86095004610406,Intermediate,meat,43.91170488567292
280.0,15,23.06202601290296,67.97437984070605,3,0,31.534407281819643,Intermediate,vegetables,43.303637667847504
355.0,9,32.94381222928443,36.26424778488489,4,0,5.657404869899729,Intermediate,meat,30.086131980382746
413.0,6,14.41571947095528,84.21647066080772,3,0,38.23276453297334,Intermediate,dairy,51.13027259648881
405.0,15,14.57538610586818,86.4763468945111,6,0,37.030007524592726,Beginner,meat,62.90751934753595
246.0,17,17.52132770883138,70.55086478786018,1,0,7.865814537613253,Intermediate,meat,22.111699959358223
377.0,9,24.164384054285463,32.1563204952932,6,0,46.962001561541086,Intermediate,grains,49.48425076677764
466.0,10,12.63418834882015,30.851402963746036,0,0,37.30697109230458,Expert,dairy,46.14603048530385
234.0,9,30.12073213153273,31.63050096545065,1,0,17.701811168581976,Beginner,dairy,35.34209405578293
218.0,7,14.781510447864669,60.00480709629496,3,0,14.406666682366502,Intermediate,meat,20.784577215535744
226.0,10,12.32576216150068,46.99828574549584,5,0,45.78050837458124,Intermediate,vegetables,48.22888084917974
161.0,9,16.98419284836791,58.88000259213989,1,0,11.165940951634427,Expert,grains,20.784577215535744
402.0,8,30.69670938305432,34.326665575766114,1,0,36.32866026354905,Beginner,meat,40.63287406925743
124.0,8,34.26874894176676,87.17380775986965,6,0,43.90935595712356,Intermediate,dairy,43.864360943854784
282.0,19,10.448641964212296,65.01341803948911,0,0,7.839786610199581,Beginner,meat,29.899607897785632
262.0,17,28.856338608596577,69.78044076850657,1,0,38.58632979409587,Expert,dairy,48.86451690846752
104.0,18,19.399822248532782,35.44330213409586,0,0,16.74133608425756,Intermediate,meat,25.766014725238325
423.0,5,19.483964748060597,77.50321555568078,2,0,35.62511728005957,Intermediate,grains,42.99511970576117
463.0,16,34.45993197001489,43.721664564021886,3,0,28.899927335188742,Intermediate,grains,48.5476034469008
321.0,13,28.12066399685146,73.7916185309087,3,0,26.12833994055352,Expert,grains,43.10401968389133
199.0,11,24.379083762415625,84.66412216604301,4,0,10.95295764429672,Intermediate,meat,29.0809113760752
370.0,9,31.31036647996619,53.38556324558952,5,0,40.115653823307134,Intermediate,grains,53.440622009713785
246.0,12,29.41809076179232,43.1883209293914,6,0,22.85397754049882,Expert,meat,37.13781335307901
342.0,15,14.041813603670066,73.05432748389566,0,0,15.201079343371566,Intermediate,meat,40.192729233239135
141.0,15,12.065441586481718,87.61006708372472,1,0,10.200126950628428,Beginner,grains,21.88699252948757
279.0,17,26.40335045051452,83.09785849083526,2,0,28.188733459746956,Expert,grains,41.135303773637006
435.0,13,13.156344569815335,61.54537317354809,1,1,19.607412582957267,Expert,meat,52.71161371204611
248.0,9,26.439007819450577,51.15615635573149,3,0,21.217731802435004,Intermediate,meat,39.51362622730128
164.0,18,16.634685229704864,47.46865486711074,1,1,26.541718608448512,Expert,meat,38.151336012522506
297.0,15,16.31319455188548,30.4026234182436,0,0,40.84179751983113,Expert,grains,56.623388536648456
246.0,6,31.201194778269297,61.92130073905511,5,0,16.049778167502097,Expert,grains,30.218379139431885
354.0,8,19.836196164089788,70.65245673021204,0,0,16.928657795235765,Intermediate,grains,29.77714463042641
426.0,5,34.81038501223675,54.93623375444013,2,0,27.866377339933745,Intermediate,meat,48.93508461708752
471.0,6,38.74338690556097,64.30854981642922,3,1,44.209186126108406,Expert,grains,62.90751934753595
251.0,13,14.794561389796517,68.51159753132131,5,0,7.072837865688984,Intermediate,vegetables,22.81852840038222
335.0,15,5.8109040655540305,82.67906981909009,1,0,38.66072345147311,Beginner,meat,52.082864328960746
422.0,14,25.94963014483244,67.92538977037454,5,0,19.9751391032358,Intermediate,meat,41.668751922861
387.0,11,14.36933607068443,82.1366551367487,3,0,44.86612979738412,Beginner,vegetables,52.408320385356205
285.0,16,22.75274281247063,43.22930608134638,3,0,44.26816484686534,Intermediate,grains,48.51387017262589
168.0,12,19.68988078706924,51.3024633871175,3,0,5.93411144557839,Expert,dairy,25.426105952754007
378.0,18,33.90555476622371,85.71961722089297,1,0,47.93190192851386,Beginner,meat,62.90751934753595
351.0,6,27.19710274699788,47.40175161893436,1,0,29.478790007823537,Expert,dairy,53.737338828829074
379.0,18,31.286215938781638,52.06401904830659,5,0,23.481916042624977,Intermediate,meat,37.29872271217137
233.0,11,14.021204348943655,47.71450814937853,2,0,28.27820669685139,Intermediate,meat,39.95520046793589
479.0,10,14.020636726954752,34.9324238227069,5,0,10.136298618933443,Beginner,vegetables,32.774029800970766
323.0,18,28.499659667140296,39.43957680010969,4,1,6.209044432022088,Intermediate,vegetables,50.19974135139675
485.0,10,31.20039713123504,64.93252558609387,4,1,37.52530702796845,Intermediate,meat,62.90751934753595
398.0,19,26.78561673826536,42.66674826996817,5,0,11.19333804792626,Intermediate,vegetables,39.3309382009304
288.0,11,14.04410528380274,68.86279026377528,3,0,26.474003573808258,Expert,grains,48.44798693220071
428.0,5,10.025736996140836,37.64723756537214,3,0,17.50303234429545,Intermediate,dairy,25.346539962409963
158.0,7,21.83934721087721,82.4536034483011,2,0,24.16719688101228,Intermediate,vegetables,34.50138153432251
311.0,5,25.91226627622885,67.70604284513993,0,0,24.388622392202183,Intermediate,meat,45.20482819966046
417.0,11,17.096363215216126,79.20075774716136,2,1,41.882429887961,Intermediate,meat,62.90751934753595
121.0,19,29.271352713524745,43.96578882607733,4,0,34.99776881957175,Beginner,dairy,34.040727008441245
177.0,9,25.33682846597941,60.76358365570656,6,0,44.81635761637929,Intermediate,meat,51.52253073691576
442.0,18,15.866850956538777,61.54875593239943,4,0,42.005260015558136,Intermediate,meat,62.60608510854583
319.0,5,27.57358602446692,52.84138086965194,0,0,16.778799506051712,Intermediate,meat,33.416306588184824
198.0,10,31.48539483201473,30.33994887177404,5,0,42.41933538519496,Intermediate,meat,43.3618484483874
484.0,10,34.46578218501326,40.630255516311934,6,1,13.764807395925164,Intermediate,meat,53.004152375462496
240.0,7,23.01920354585532,39.22842147849647,0,0,10.320008543260696,Intermediate,dairy,20.784577215535744
157.0,10,10.06460037112456,62.94782017663036,4,0,16.96989618916961,Intermediate,dairy,24.281083527890157
376.0,15,18.08750987278685,68.56913488801047,2,0,35.893127436946365,Beginner,meat,47.7336304485494
336.0,11,30.63215270582242,73.17922899663182,6,0,33.6221304052607,Intermediate,meat,45.41502825553888
356.0,13,38.74338690556097,80.63547675670344,3,0,44.147202480396,Intermediate,meat,50.38555888048062
363.0,11,10.782557843687906,34.10045613193562,4,0,11.926377940230726,Expert,meat,37.71238989021671
257.0,19,10.030916993985237,80.6549221443491,0,0,18.77212248029472,Expert,grains,28.11693068298985
315.0,14,12.062713361010532,58.37828076573061,0,0,10.241503235300168,Beginner,meat,31.204223425463777
499.0,19,15.59036086240778,62.62834367197424,0,0,15.488276535087572,Intermediate,meat,47.98713556618173
148.0,16,27.56975996694987,69.04611285352485,1,0,41.18430513351168,Beginner,meat,53.008322732556536
305.0,11,32.73811277369546,32.76741386014403,6,0,29.514750214225497,Beginner,meat,38.21478430206521
557.5,8,19.41738404966997,69.31694458149948,5,0,8.944242628759397,Beginner,meat,62.90751934753595
151.0,9,11.01885265231182,85.76560166838684,0,0,22.736122105218268,Intermediate,meat,35.92480229513707
389.0,8,15.68393250240247,76.24683709583279,0,0,48.17624823299354,Expert,dairy,43.53105079417955
221.0,15,14.172127946371774,46.286314658052014,5,0,31.0534394133112,Expert,dairy,43.36948874349917
367.0,7,20.12551997700804,62.552062111935086,4,0,44.76041277665857,Beginner,grains,52.06505071418237
283.0,12,23.81284036956813,86.34342575803123,2,1,38.75689532441806,Beginner,dairy,59.008219202039925
402.0,11,19.285550046826145,39.54150022441568,5,0,25.06799952914458,Intermediate,meat,40.62244911841924
415.0,10,31.35524436153915,80.36765457004601,1,0,26.33739333223939,Beginner,dairy,50.904230038059005
470.0,8,28.98360819807165,73.54298779319694,6,1,24.824262194284763,Expert,dairy,62.90751934753595
242.0,6,26.959470571378542,42.214702652781625,4,1,37.16130538560804,Expert,meat,54.79859302429639
216.0,5,20.845012806369297,51.86125430569392,1,0,22.020103185950514,Beginner,vegetables,34.67606562335067
332.0,16,12.827745476914323,64.97906556987616,6,1,13.15515024723693,Intermediate,dairy,48.77461260293183
190.0,7,14.51486495438252,70.7729956280345,6,0,36.34526309648208,Expert,meat,31.26971727821852
197.0,5,23.497645987555316,40.04158398831768,4,0,35.2575415759417,Intermediate,grains,36.24750311027058
157.0,14,23.951058128724178,82.76979424368758,3,0,23.58983289772149,Beginner,meat,30.11915726339217
449.0,11,18.339238736805008,84.43198929363734,4,0,40.328764575789066,Expert,vegetables,55.04314173179031
104.0,16,14.758121570476696,85.8532423236485,5,0,8.70826873378767,Intermediate,vegetables,23.12255785939849
407.0,17,24.502805742386705,56.6476627899451,2,0,14.350253943276115,Intermediate,dairy,41.69676829953645
276.0,19,29.56454849628345,30.963711898860367,1,0,35.63025679515817,Expert,meat,43.85322208336641
211.0,11,32.0533903570515,50.00775561576063,6,0,18.782054915207663,Intermediate,dairy,29.372179067020284
298.0,16,34.32744370175866,58.44038570898935,1,0,32.788810177804024,Beginner,meat,47.98337417049553
291.0,8,14.891765933128376,75.78931747553335,0,1,31.653561697794306,Intermediate,grains,53.90655832518387
264.0,19,18.978775741655788,71.69294242055756,3,0,42.11841953691966,Expert,vegetables,52.01799209315895
277.0,6,22.115039675471618,64.08555074027204,0,0,34.735933836090965,Intermediate,meat,44.34145336877085
259.0,14,32.03626949187553,79.60480608157482,6,0,8.252462640792947,Expert,meat,25.552157007640037
254.0,5,23.91592644841793,44.53387306947401,0,0,14.377980812824925,Intermediate,dairy,22.747668645371174
301.0,12,11.346455174950654,43.49341300895475,0,0,46.58328449805574,Expert,dairy,53.086193772870445
374.0,19,12.99572505044116,40.96843419941403,5,0,8.791491983808708,Expert,meat,31.405077859126667
429.0,14,27.290451389232985,39.13966713976073,3,0,9.743237868027512,Intermediate,grains,36.805521974958125
448.0,16,10.128629268867869,56.13032726388956,6,0,29.89003869762672,Intermediate,grains,53.20337458100168
230.0,17,30.79673593407305,31.0800053367129,6,0,29.797292898271955,Intermediate,vegetables,36.81092527098032
367.0,10,11.865745358427043,79.7857872172587,6,1,21.938673313431227,Intermediate,grains,46.74125686496456
150.0,14,5.8109040655540305,86.37909067761049,5,1,23.103816862206735,Intermediate,vegetables,47.43900059387273
369.0,10,15.092531231906854,80.28913101311547,1,0,48.494638244843706,Intermediate,meat,52.75777211937997
271.0,5,15.894802348980246,53.962124903681456,0,0,29.43491596723712,Beginner,grains,32.704703516059496
287.0,13,11.86736044394635,40.14486422135956,4,0,9.16251970725337,Beginner,dairy,22.98692077983161
111.0,19,23.00476308128886,35.05807887668102,2,0,20.578859900614745,Intermediate,grains,22.374728825351024
327.0,10,24.984224141573343,31.240282133514267,3,0,13.56516387927714,Expert,meat,33.67694826371649
175.0,7,19.92946943573028,37.543456139533575,2,0,26.09554462280559,Expert,meat,33.93092651340736
207.0,6,21.42146612200921,34.96292769146121,4,1,41.55758258837679,Intermediate,vegetables,56.54150423153591
274.0,8,26.92685609981909,43.60382297541064,0,0,39.53744737658175,Intermediate,dairy,49.14366793128884
372.0,17,31.549672710106808,65.72157967551624,6,0,38.74791568110835,Intermediate,meat,49.34746479792479
150.0,7,13.724796399254869,89.76737697836647,0,0,45.86067902187384,Beginner,dairy,39.12581412218569
291.0,13,25.053641101312024,46.14117880789863,4,1,46.27492663211883,Intermediate,vegetables,55.46700493791375
346.0,11,18.98126869790614,53.15247017370696,1,1,39.054114061111775,Intermediate,vegetables,62.04979168334652
448.0,19,33.1418707720178,57.50798547415547,5,0,37.88958304949934,Intermediate,meat,62.90751934753595
198.0,17,26.152253086562705,71.4057934942706,3,0,41.36305177022102,Expert,dairy,37.58296477236034
117.0,5,30.39371608760702,46.82006764749126,0,0,22.43530831651424,Expert,meat,37.55246724436765
437.0,19,18.566337203022883,35.29210222739224,5,0,19.939391214471627,Expert,meat,50.81830563846673
112.0,10,28.60697663987389,87.24198765510243,3,0,32.806920193083414,Expert,dairy,34.31018605124429
359.0,13,10.907190565337554,78.98464709790184,5,0,19.662106280875197,Intermediate,meat,32.07990281496097
478.0,19,33.557884741829824,88.02316088556209,0,0,10.339727651354243,Intermediate,vegetables,44.8226272932104
198.0,9,15.638533248143316,77.85284163223196,4,0,24.29439310016076,Expert,grains,41.30178486757264
226.0,6,16.426181660801998,89.96797489293783,6,0,49.39534013514847,Expert,meat,46.88100458246255
419.0,15,11.952367212071158,58.74420378620107,5,0,15.171493855489343,Intermediate,dairy,35.56827613398504
168.0,11,24.36468455794417,75.24138209570293,5,0,49.1558718854958,Intermediate,meat,46.98950310436417
182.0,9,11.432006276940584,87.69080033898508,3,0,23.823099999206867,Expert,grains,30.49192342488851
142.0,14,25.451291857179648,83.9673127527661,4,0,29.92205482851765,Intermediate,meat,35.22022046492519
393.0,14,34.18390444470688,49.51523435547311,5,0,36.83418238228696,Beginner,grains,50.27917828667118
422.0,15,29.56740101860373,66.36879389600878,0,0,30.684266643158303,Intermediate,vegetables,45.6593833594455
464.0,9,33.20793832121443,67.32237374225963,5,0,10.212038700655745,Beginner,dairy,44.96087927845948
324.0,13,22.621122047325443,65.92154413914585,5,0,47.09201725882028,Beginner,meat,60.62586880031563
313.0,7,30.57396115553715,53.8468894139455,0,0,28.977216683062743,Expert,meat,34.78214517771701
281.0,18,28.704797649474937,87.37920560325165,4,1,38.55729497921543,Beginner,grains,56.32568803906105
243.0,17,25.698751319315896,88.47550868011979,4,0,46.49863676230779,Expert,meat,54.537390589836335
219.0,10,21.872163587655464,45.25388302492173,3,0,5.231283241350214,Intermediate,meat,28.297747075421903
113.0,7,28.96690975277512,42.03361506437898,3,0,31.170389199709494,Intermediate,meat,32.39586337854402
297.0,10,10.854694148478954,88.32151538979547,5,1,12.644266748201437,Expert,meat,44.56475439317969
393.0,6,31.00303756853047,51.622669195820855,5,0,27.0066098888429,Intermediate,vegetables,40.94928373978302
464.0,16,34.88701226760642,81.99287890494521,2,0,46.67923408479553,Intermediate,dairy,58.57742180728891
366.0,8,13.317866345481937,31.85625868388052,1,0,33.24854367038014,Intermediate,vegetables,42.55481316392077
338.0,17,30.50943768622433,79.10217398888024,1,0,43.16816742259762,Intermediate,meat,48.366656560992055
338.0,9,33.75781882326479,37.13246347062432,5,0,22.12168484718661,Expert,meat,34.751027860371266
329.0,10,30.34415720798966,78.39536053957661,5,0,19.35702834495079,Intermediate,dairy,43.91055238295943
198.0,6,18.945033773206784,58.18462577944103,2,0,18.296056608204168,Expert,grains,25.533362473945573
202.0,9,14.779767536619726,76.8597536168995,1,0,41.52074019581966,Intermediate,meat,42.88728265418715
395.0,18,17.354199333586948,45.1384349903644,1,0,40.55066787019469,Intermediate,grains,50.36915178978074
483.0,11,24.91213687463554,59.485090651713406,6,0,36.47027598136894,Intermediate,dairy,43.07012119080947
243.0,11,28.870945498521195,70.5084036689801,2,0,19.76720325591235,Intermediate,meat,29.63256008394076
406.0,10,19.06163765289679,55.28664249475485,0,0,28.56036107884351,Expert,meat,44.61575936451028
350.0,6,23.708014593160605,51.351285555552685,4,0,46.786859668878726,Intermediate,vegetables,57.0664809637605
